singer_id,gender,vowel,meanRmsDb,rmsConsistency,dynamicRangeDb,durationSec,attackLatencyMs,precisionCents,stabilityCents,rangeMinMidi,rangeMaxMidi,rangeSpanSemitones,weak_G1,weak_G2,weak_G3,weak_G4,weak_G5
female1,F,A,-25.791566848754883,23.17293930053711,71.43108367919922,2.983333333333333,70.74829931972798,18.283957033462,17.169489454708255,58.57525437226583,79.60906019777211,21.03380582550628,0,0,0,0,0
female1,F,E,-25.72984313964844,23.61478042602539,70.12894439697266,2.35,90.4875283446711,15.185957306829584,12.6725802087607,58.600150046874106,79.50830066483452,20.908150617960416,0,0,0,0,0
female1,F,I,-26.3305778503418,23.23823547363281,69.6211166381836,2.483333333333333,69.12698412698415,14.731337180246753,16.928071561618886,58.61320103065141,79.5049032317831,20.891702201131693,0,0,0,0,0
female1,F,O,-26.85338592529297,23.421743392944336,68.16993713378906,2.4000000000000004,78.54119425547974,17.07415129169138,16.091516405440874,58.99992484953154,79.61285587711703,20.61293102758549,0,0,0,0,0
female1,F,U,-27.27682113647461,23.16748809814453,90.1284408569336,2.5499999999999994,68.73771730914567,16.46247065476618,17.10326347707433,59.16719938103073,79.59930449758792,20.4321051165572,0,0,0,0,0
female2,F,A,-25.69190216064453,14.557206153869627,61.83034896850586,3.283333333333333,128.62433862433835,23.691585032652053,14.452426473940134,58.48373781841159,79.15629324695081,20.67255542853922,0,0,0,0,0
female2,F,E,-22.07926177978516,14.319250106811523,58.10426330566406,3.15,141.02796674225223,34.31470460906114,10.94324449272831,58.47713302132678,79.07714924448803,20.600016223161248,0,0,0,0,0
female2,F,I,-23.92329788208008,14.824715614318848,59.778846740722656,3.066666666666667,134.36130007558597,31.19971950155772,11.620838948672144,58.568143788499285,78.85605902718981,20.28791523869053,0,0,0,0,0
female2,F,O,-21.4074935913086,15.722207069396973,63.95191955566406,3.2000000000000006,167.01436130007573,32.57863483455066,11.152537535577528,58.2925691509692,79.35592776084054,21.063358609871344,0,0,0,0,0
female2,F,U,-23.70387077331543,16.01283836364746,60.984649658203125,2.4,144.17989417989432,40.926871076940806,11.422180278975054,58.50192965625814,79.30796868399322,20.80603902773508,0,0,0,0,0
female3,F,A,-20.27005386352539,23.15280532836914,70.24159240722656,2.9166666666666665,98.76795162509453,30.416434850179844,10.779820787684214,59.100950615160166,79.6374020386755,20.53645142351533,0,0,0,0,0
female3,F,E,-18.73031997680664,22.82630920410156,69.17212677001953,2.733333333333334,112.49433106575972,35.7596232966324,10.002232674446374,59.442701744649135,79.84301520638243,20.400313461733298,0,0,0,0,0
female3,F,I,-19.57068634033203,23.10675430297852,68.86569213867188,2.6833333333333336,83.96069538926665,37.562162017849694,6.3356334600129935,59.68591038525548,80.15780085336345,20.47189046810798,0,0,0,0,0
female3,F,O,-20.786001205444336,22.66568756103516,69.80999755859375,2.8666666666666667,83.22751322751317,37.41555930628772,10.85886289152194,59.4317053148084,79.61087697198023,20.179171657171835,0,0,0,0,0
female3,F,U,-21.55059814453125,21.03584861755371,73.82947540283203,2.7166666666666663,109.44066515495103,32.51658895435091,7.640103434755917,59.63204782926094,80.19066330696843,20.55861547770749,0,0,0,0,0
female4,F,A,-31.67248916625977,20.777246475219727,62.155235290527344,2.3000000000000003,70.96749811035498,16.866268988245448,5.918595876896254,58.40130486581048,74.63937904318189,16.238074177371416,0,0,0,0,0
female4,F,E,-34.80605697631836,18.79599380493164,57.10997772216797,2.95,127.3544973544975,30.37096035724809,9.62294957129812,58.94162785758416,74.32079792679176,15.379170069207596,0,0,0,0,0
female4,F,I,-31.688003540039062,18.920148849487305,62.155235290527344,2.716666666666667,101.93499622071025,38.87948015180543,6.519105289021478,58.54322954909004,74.79139404976345,16.24816450067342,0,0,0,0,0
female4,F,O,-30.233078002929688,18.59164428710937,58.56877899169922,2.816666666666667,116.45124716553256,36.67169299693119,8.616147523964791,59.48868271455253,74.86973536727125,15.381052652718717,0,0,0,0,0
female4,F,U,-33.172950744628906,17.467592239379883,58.52830123901367,3.016666666666666,121.98412698412704,31.234144331760938,7.2063211836900924,59.279780401637865,74.32236868362337,15.042588281985502,0,0,0,0,0
female5,F,A,-27.342498779296875,26.95887756347656,73.75727081298828,3.0,107.71730914588078,26.16232052981933,12.123457931855942,59.408818403192576,78.82213977241793,19.41332136922535,0,0,0,0,0
female5,F,E,-30.75008010864257,26.896657943725582,71.7129135131836,3.5666666666666664,75.22675736961443,14.045073271769466,8.648343370243394,59.39384937294186,78.99405092867151,19.60020155572965,0,0,0,0,0
female5,F,I,-29.860828399658203,26.0992431640625,75.83671569824219,3.3166666666666664,102.93650793650804,20.474231375909746,5.964170219347697,59.33211801618744,79.24181613426842,19.90969811808097,0,0,0,0,0
female5,F,O,-30.19061851501465,27.132003784179688,76.21414947509766,3.1666666666666665,93.10657596371924,29.10559697441941,10.947382071380147,59.51540331297393,77.96977265428907,18.454369341315143,0,0,0,0,0
female5,F,U,-33.23830032348633,25.10950088500977,76.59705352783203,3.1666666666666665,109.48601662887388,25.51326026108148,10.149189366602556,59.01485280809455,78.68605997023755,19.67120716214301,0,0,0,0,0
female6,F,A,-36.31355667114258,13.143548965454102,79.07765197753906,2.2,172.47165532879808,21.17782345560132,8.162581241587437,59.21327238692837,79.27192177422437,20.058649387296,0,0,0,0,0
female6,F,E,-31.361989974975582,15.019319534301758,75.28846740722656,1.966666666666667,148.68480725623567,23.813947285833763,7.606580037004829,59.149557161648666,79.05161581725521,19.902058655606545,0,0,0,0,0
female6,F,I,-30.26499938964844,14.749579429626465,72.73426818847656,2.0499999999999994,154.78458049886635,25.61057752471396,7.566621141696133,58.83808326141603,78.86742401280645,20.02934075139042,0,0,0,0,0
female6,F,O,-30.46426773071289,14.585308074951172,77.39349365234375,2.016666666666667,82.41496598639458,27.92492518794356,10.33264251833698,59.21837402283627,79.25021374169594,20.031839718859672,0,0,0,0,0
female6,F,U,-30.251352310180664,14.382155418395996,79.95421600341797,2.0166666666666666,181.56462585033992,31.565313201918123,6.878189464632842,59.34075335189256,79.61782617671952,20.27707282482696,0,0,0,0,0
female7,F,A,-23.46748161315918,19.892860412597656,70.01177215576172,1.75,70.8049886621315,16.20991844943407,13.052508696941445,58.71567005978909,79.109934943322,20.394264883532912,0,0,0,0,0
female7,F,E,-23.366567611694336,20.28217506408692,70.14966583251953,1.6166666666666665,100.37792894935738,16.290600408168945,10.044290318005975,58.91839789412383,79.21945810088812,20.30106020676429,0,0,0,0,0
female7,F,I,-23.48871612548828,20.036544799804688,67.27845764160156,1.6666666666666667,95.8843537414964,22.38488714144757,10.822698950956784,58.63155749166996,79.3906331341156,20.759075642445644,0,0,0,0,0
female7,F,O,-22.124061584472656,21.357202529907227,67.2101058959961,1.6,156.1375661375661,27.14257721673538,8.412348133803315,59.89937111684097,79.00671259798898,19.10734148114801,0,0,0,0,0
female7,F,U,-24.2046127319336,21.381641387939453,69.25791931152344,1.4333333333333331,99.35752078609232,41.1492493880408,6.425289046976495,60.01464627160776,79.49972439204255,19.485078120434792,0,0,0,0,0
female8,F,A,-26.274747848510746,17.19075584411621,70.00639343261719,4.3500000000000005,105.62358276644,17.53207077821173,8.776816779877999,58.841966144747495,79.15150913101262,20.30954298626512,0,0,0,0,0
female8,F,E,-24.28498077392578,15.875486373901367,63.42791366577149,3.6,73.74149659863953,12.898715330978147,8.267456310440812,59.426271622270406,79.29657747163694,19.87030584936653,0,0,0,0,0
female8,F,I,-25.15023231506348,15.330398559570312,62.76487350463867,3.75,78.88888888888904,16.717075641250787,8.737933440527561,59.12649753719009,79.67821605207138,20.551718514881287,0,0,0,0,0
female8,F,O,-27.012937545776367,17.004653930664062,68.79253387451172,3.683333333333333,92.82312925170056,11.34837546095874,7.334803085884836,59.550404792938906,79.5577257348784,20.007320941939497,0,0,0,0,0
female8,F,U,-27.79220962524414,16.641963958740234,64.0357894897461,3.916666666666668,114.26303854875296,11.740868069102552,8.487751757913708,59.2325825302504,79.82174137290178,20.589158842651383,0,0,0,0,0
female9,F,A,-30.27566719055176,10.297324180603027,65.39697265625,2.083333333333333,62.40929705215419,23.41101835866838,6.67041483393675,59.2768702585948,79.60088859323848,20.32401833464368,0,0,0,0,0
female9,F,E,-35.00969696044922,11.905261039733888,66.57154846191406,2.466666666666667,120.21541950113355,29.631809036543675,9.264165373479186,59.16710908316888,79.57270605304716,20.405596969878275,0,0,0,0,0
female9,F,I,-36.84801864624024,10.240757942199709,73.19515228271484,2.3000000000000003,163.2426303854875,38.1490143288801,8.15223052919468,59.5732194317591,79.8375260572964,20.2643066255373,0,0,0,0,0
female9,F,O,-35.27103042602539,11.29665184020996,63.3444938659668,2.316666666666667,172.9251700680271,31.89755701203396,9.96993042729954,59.86935784543128,79.30132093504749,19.431963089616204,0,0,0,0,0
female9,F,U,-35.249473571777344,10.271428108215332,63.85025787353516,2.266666666666667,147.04459561602414,34.37832748826645,7.242784351958637,59.84485900798969,79.83729458038582,19.99243557239613,0,0,0,0,0
male1,M,A,-39.59107208251953,12.560081481933594,59.71333312988281,3.0333333333333337,158.93424036281186,40.85866221577337,12.417476730323058,45.26079050532621,68.99269007019883,23.73189956487262,0,0,0,0,0
male1,M,E,-34.032833099365234,15.944045066833496,53.858158111572266,2.966666666666667,191.12622826908523,39.34447033646829,10.361962706505432,45.50189085751481,67.37626128453718,21.87437042702237,0,0,0,0,0
male1,M,I,-40.23413848876953,14.40904712677002,52.720977783203125,2.7833333333333337,115.36659108087662,38.7458168843761,8.650636547363442,45.82498804039143,67.84208408670776,22.017096046316333,0,0,0,0,0
male1,M,O,-39.44229888916016,13.516980171203612,59.537696838378906,2.866666666666667,102.76643990929703,36.85943787847957,12.804106529039544,46.04846851209324,67.78551270737672,21.737044195283488,0,0,0,0,0
male1,M,U,-36.78126525878906,14.59025764465332,78.83309173583984,2.65,118.86621315192764,41.42081426685603,11.784712901486555,45.645608329247096,67.61206019071653,21.96645186146944,0,0,0,0,0
male10,M,A,-28.159799575805664,13.149643898010254,51.91275787353516,2.2500000000000004,65.55555555555546,23.949392895466733,19.051440355969824,45.364401391392605,67.57494275456266,22.21054136317005,0,0,0,0,0
male10,M,E,-29.78106689453125,13.233114242553713,50.35079956054688,1.9166666666666667,168.14058956916094,21.78374475173586,10.277131036194444,45.8960517585419,66.91889960073125,21.02284784218935,0,0,0,0,0
male10,M,I,-30.6496524810791,12.036744117736816,54.7631721496582,2.0500000000000003,148.51473922902505,19.121273587103182,10.884570820781422,46.32040290555072,66.96979468007687,20.64939177452616,0,0,0,0,0
male10,M,O,-28.57927131652832,13.990802764892578,51.63144302368164,1.8333333333333333,196.46258503401373,27.80216646701768,17.09949793490771,46.228687305855786,68.16191511792083,21.93322781206504,0,0,0,0,0
male10,M,U,-34.718997955322266,11.451126098632812,81.06570434570312,1.8833333333333333,118.06500377928955,16.920969484332765,15.103571662365914,46.61399330290644,67.90435100113521,21.29035769822877,0,0,0,0,0
male11,M,A,-26.65412139892578,17.643001556396484,56.54653549194336,1.816666666666667,103.94557823129264,24.72567525850866,19.017885053212662,46.08766022166601,67.44568071783422,21.35802049616821,0,0,0,0,0
male11,M,E,-27.285919189453125,16.99312400817871,53.50887298583984,1.9,152.02569916855603,27.251220832915788,16.550580101199497,45.67481965190999,67.64914840293244,21.97432875102245,0,0,0,0,0
male11,M,I,-29.55988883972168,15.43535327911377,55.490196228027344,1.916666666666667,175.3590325018897,26.948824223977315,18.19333097537642,46.485024113141655,67.4308381351157,20.94581402197405,0,0,0,0,0
male11,M,O,-31.503250122070312,14.819464683532717,51.51764297485352,1.9333333333333336,104.67876039304616,34.38786163363547,21.020565164171494,46.602730507886,68.12659795757793,21.52386744969193,0,0,0,0,0
male11,M,U,-35.633636474609375,13.74138069152832,51.80120086669922,1.9000000000000004,107.5056689342402,34.56542520354549,15.466840649376866,46.66028467047514,67.7213465950193,21.061061924544155,0,0,0,0,0
male2,M,A,-22.224021911621094,20.68027305603028,57.89482879638672,1.5166666666666668,62.819349962206864,26.29141864917016,16.374228302199327,46.9300662811989,67.0692916556826,20.1392253744837,0,0,0,0,0
male2,M,E,-27.772071838378903,19.23561286926269,55.53279495239258,2.3166666666666664,104.9130763416476,31.3276909224878,16.676292925152435,47.95613097163171,67.06110376277348,19.104972791141776,0,0,0,0,0
male2,M,I,-31.48428726196289,17.141855239868164,59.14739227294922,2.316666666666667,88.86621315192723,33.40341228430462,19.76010791056325,47.46098051945884,67.26371842400407,19.802737904545232,0,0,0,0,0
male2,M,O,-40.97593307495117,12.242565155029297,47.714351654052734,1.9166666666666667,94.6787603930462,30.371468891141824,20.052463845798474,47.41792870181891,68.02360297454582,20.605674272726915,0,0,0,0,0
male2,M,U,-40.18697738647461,13.642251014709473,51.35069274902344,2.1333333333333333,67.22600151171561,29.71143412582617,15.154404643300175,47.81844598636524,67.41107213317511,19.59262614680987,0,0,0,0,0
male3,M,A,-30.15831756591797,16.236974716186523,65.79574584960938,3.266666666666666,116.45502645502587,32.50801814122072,10.470811350660538,46.31167113378607,65.93976850724803,19.62809737346196,0,0,0,0,0
male3,M,E,-31.71915054321289,16.677234649658203,54.89341735839844,2.8833333333333333,125.03401360544194,28.81863407738344,17.550564254597365,46.56857690663844,66.66046025922681,20.09188335258837,0,0,0,0,0
male3,M,I,-31.62269592285156,16.405216217041016,52.39521789550781,3.216666666666667,119.33484504913078,39.637869306855336,10.825283075065132,46.00789225202959,69.10605089260133,23.098158640571747,0,0,0,0,0
male3,M,O,-29.130672454833984,17.143901824951172,60.02328109741211,3.266666666666666,133.80196523053667,38.03813425774292,14.37548579156408,46.59475536719202,69.34676099603544,22.75200562884342,0,0,0,0,0
male3,M,U,-29.5081729888916,16.60840606689453,59.30194091796875,3.466666666666667,113.74149659863944,36.333837884591134,14.788310721673792,46.70693519112488,67.39205405555643,20.685118864431544,0,0,0,0,0
male4,M,A,-28.792739868164062,20.24440193176269,61.15599060058594,1.9666666666666668,79.71277399848816,22.645305175736155,14.03658436018238,46.95335625874034,66.9960168936424,20.042660634902063,0,0,0,0,0
male4,M,E,-31.98703384399414,19.86170196533203,54.18855667114258,2.5000000000000004,107.2675736961448,18.95655996398115,8.895589936927301,46.52693153096912,67.54012899918891,21.013197468219783,0,0,0,0,0
male4,M,I,-37.45912551879883,17.701862335205078,50.01933670043945,1.7833333333333334,104.51247165532872,12.003703469403678,9.040294935845518,46.59440665165558,66.86585102158578,20.2714443699302,0,0,0,0,0
male4,M,O,-31.4548568725586,18.60375213623047,54.48567962646485,1.9166666666666667,58.01209372637953,20.49164675008744,11.655951615819976,46.63832654684532,67.44837367046006,20.810047123614737,0,0,0,0,0
male4,M,U,-33.33052062988281,18.35012626647949,53.75236892700195,1.6000000000000003,81.90476190476157,15.44681044715204,8.549218652892874,46.34414352811897,66.87597750034094,20.531833972221968,0,0,0,0,0
male5,M,A,-32.26866149902344,13.161698341369627,56.76399993896485,2.65,63.56009070294798,24.357798826805947,18.05456796489154,44.20347027454593,67.706220733498,23.50275045895207,0,0,0,0,0
male5,M,E,-33.058555603027344,13.530447959899902,56.25248718261719,2.4,68.32955404383979,23.988757102212432,9.462601123932467,46.053678769472455,67.44841535590874,21.39473658643628,0,0,0,0,0
male5,M,I,-36.92697525024414,8.443739891052246,47.75554275512695,2.4,74.58049886621315,25.99382547485912,11.69628000150733,44.496172915531126,67.45733209545283,22.9611591799217,0,0,0,0,0
male5,M,O,-32.68910217285156,11.30823040008545,55.15273284912109,2.583333333333333,142.199546485261,19.24751654780833,9.046372915533636,46.474830978776005,67.91095267642163,21.436121697645625,0,0,0,0,0
male5,M,U,-36.20827865600586,10.402914047241213,50.91583633422852,3.1666666666666665,123.06122448979596,26.96383681230197,13.069794555944302,44.697652286320334,68.16570050717911,23.468048220858776,0,0,0,0,0
male6,M,A,-27.060466766357425,17.650049209594727,55.509307861328125,3.4166666666666665,119.18367346938771,28.25443494914603,9.559905210210257,47.38856274882649,67.65433746099097,20.26577471216449,0,0,0,0,0
male6,M,E,-27.91927719116211,16.43194007873535,54.61160659790039,3.35,104.54270597127788,21.49862872011201,5.550774348824586,48.055898920485554,67.83412139863908,19.77822247815353,0,0,0,0,0
male6,M,I,-27.404083251953125,18.87707901000977,53.162628173828125,3.1,109.56916099773274,17.86129827457499,8.214943353646616,47.89702576866398,68.65851090262646,20.76148513396248,0,0,0,0,0
male6,M,O,-29.750844955444336,16.86821746826172,53.36369323730469,3.016666666666667,112.22222222222224,14.299308446751567,5.678069004238576,47.57981183435717,68.24810975546403,20.668297921106856,0,0,0,0,0
male6,M,U,-30.080013275146484,17.170148849487305,54.12522506713867,3.116666666666666,90.9221466364321,13.9087977161582,5.63952333111834,48.238573332886574,68.60499914927175,20.36642581638517,0,0,0,0,0
male7,M,A,-21.778339385986328,10.645487785339355,65.31356811523438,3.15,67.46031746031747,26.19697617568295,8.562813094917539,46.06397374823257,65.80619847723564,19.74222472900307,0,0,0,0,0
male7,M,E,-21.744335174560547,12.92715072631836,66.10392761230469,2.6500000000000004,125.7482993197278,18.656717593562668,14.181455282276804,45.87122085063963,66.98137386737852,21.11015301673889,0,0,0,0,0
male7,M,I,-30.09850311279297,8.623489379882812,51.1728401184082,3.216666666666667,124.8072562358277,16.78532239304342,17.141192601217583,46.48068673433718,68.00332264077315,21.52263590643597,0,0,0,0,0
male7,M,O,-23.23601531982422,13.178814888000488,64.79608917236328,2.533333333333333,117.55102040816315,27.41788885321701,15.255422591019896,46.88309632812512,67.30754133245951,20.424445004334387,0,0,0,0,0
male7,M,U,-31.93914031982422,9.386258125305176,58.04814529418945,2.933333333333333,92.57369614512471,19.09920089526975,13.2552188982802,46.430474099767416,67.6121556309593,21.18168153119188,0,0,0,0,0
male8,M,A,-27.81034278869629,16.12108612060547,63.021610260009766,2.8833333333333333,62.66061980347691,27.91310008814265,9.619663103306932,46.807968386433885,54.7868301069706,7.978861720536713,0,0,0,0,0
male8,M,E,-28.56281089782715,14.881303787231444,54.37222290039063,2.833333333333333,116.55328798185931,16.449441059434786,10.262434257367971,47.22699975704198,55.373508315348296,8.146508558306316,0,0,0,0,0
male8,M,I,-31.7548828125,13.716208457946776,52.58275985717773,2.6333333333333333,202.4792139077855,14.25766454851268,7.046481437909972,47.75987074088801,56.54389378883609,8.784023047948075,0,0,0,0,0
male8,M,O,-32.289588928222656,13.487785339355469,57.21296691894531,2.6,121.12622826908522,26.10549720409799,9.381562103245606,47.53644459820154,56.18710565497848,8.650661056776933,0,0,0,0,0
male8,M,U,-31.47856712341309,11.667876243591309,56.04801940917969,2.6,105.64625850340144,23.05072016514965,9.090599423281375,47.75946120491465,56.44974962543652,8.690288420521867,0,0,0,0,0
male9,M,A,-21.892417907714844,10.11687469482422,59.34185409545898,3.4000000000000004,245.3174603174601,24.33016408871871,13.405824064679573,58.88874600714417,66.20693292001253,7.318186912868363,0,0,0,0,0
male9,M,E,-33.34273910522461,8.524068832397461,46.74382019042969,2.35,181.67800453514727,36.14183435386949,11.162271888326543,58.62659094743442,66.75261022667748,8.126019279243053,0,0,0,0,0
male9,M,I,-33.33624267578125,8.618988990783691,49.044578552246094,2.283333333333333,122.58503401360544,23.12217425885936,11.66891742801659,58.62011936400135,66.79750667069034,8.177387306688992,0,0,0,0,0
male9,M,O,-26.7117977142334,11.103875160217283,59.05767822265625,2.433333333333333,207.6719576719576,27.127778179913665,14.48443725987836,59.30285920308303,66.55672537575923,7.253866172676197,0,0,0,0,0
male9,M,U,-30.49308967590332,9.414628028869627,50.4653549194336,2.5000000000000004,145.46485260770956,27.598647343262066,11.969436395252377,58.7928121537563,66.72094221476061,7.92813006100431,0,0,0,0,0
female8,F,U,-35.41399045717568,26.395535490789815,41.71585007163205,1.7499885691865302,114.26303854875296,11.740868069102552,17.678361147292964,59.2325825302504,79.82174137290178,20.589158842651383,1,0,0,0,0
female8,F,U,-29.85396310813155,16.641963958740234,64.0357894897461,3.916666666666668,114.26303854875296,29.08078587414559,16.894337043091106,61.43481255373681,77.4055962173097,14.124454259551642,0,1,0,0,0
female8,F,U,-31.701334461279643,27.80417716274234,64.0357894897461,3.916666666666668,162.756602975884,11.740868069102552,28.18685027953365,59.2325825302504,79.82174137290178,20.589158842651383,0,0,1,0,0
female8,F,U,-37.07604119421818,24.163175173537923,25.66931438261777,3.916666666666668,114.26303854875296,11.740868069102552,17.079421869766403,59.2325825302504,79.82174137290178,20.589158842651383,0,0,0,1,0
female8,F,U,-33.6240188417126,23.46624389560838,64.0357894897461,3.916666666666668,114.26303854875296,11.740868069102552,17.532764297660236,64.39749909104256,73.37432979401227,7.752195678739131,0,0,0,0,1
female6,F,A,-46.80978840089367,19.1419178762459,58.935307593402946,0.9106572723951987,172.47165532879808,21.17782345560132,17.309483223621733,59.21327238692837,79.27192177422437,20.058649387296,1,0,0,0,0
female6,F,A,-40.738748715491965,13.143548965454102,79.07765197753906,2.2,172.47165532879808,45.29099623412289,17.35625010739848,62.11104346143503,76.34065770807524,16.798443015354884,0,1,0,0,0
female6,F,A,-41.51431913984059,20.63190953548602,79.07765197753906,2.2,239.84097638928435,21.17782345560132,21.208718933321144,59.21327238692837,79.27192177422437,20.058649387296,0,0,1,0,0
female6,F,A,-45.16782431505603,21.619433516010453,57.87405373850642,2.2,172.47165532879808,21.17782345560132,19.618503654060127,59.21327238692837,79.27192177422437,20.058649387296,0,0,0,1,0
female6,F,A,-43.04710806785898,18.88296678755621,79.07765197753906,2.2,172.47165532879808,21.17782345560132,18.803057389832112,64.24839231332844,72.62183263680843,6.188382930759534,0,0,0,0,1
female6,F,E,-43.14908236932749,23.89498365110733,50.893477991584675,1.139427654165207,148.68480725623567,23.813947285833763,18.87037148999837,59.149557161648666,79.05161581725521,19.902058655606545,1,0,0,0,0
female6,F,E,-34.52802184404403,15.019319534301758,75.28846740722656,1.966666666666667,148.68480725623567,52.642060811180514,16.226027551368265,60.24001173946974,77.40095515572868,16.118127205929966,0,1,0,0,0
female6,F,E,-35.766662523412485,26.163007080061405,75.28846740722656,1.966666666666667,202.95494032397926,23.813947285833763,20.320070354743788,59.149557161648666,79.05161581725521,19.902058655606545,0,0,1,0,0
female6,F,E,-43.16086255708332,21.72394065917557,27.211573080835173,1.966666666666667,148.68480725623567,23.813947285833763,14.053883899083454,59.149557161648666,79.05161581725521,19.902058655606545,0,0,0,1,0
female6,F,E,-39.43929711724975,22.846748909692227,75.28846740722656,1.966666666666667,148.68480725623567,23.813947285833763,14.645234856870045,67.09710490805074,71.96263674006858,6.70976456640151,0,0,0,0,1
female9,F,O,-45.374080602312304,20.153003573639687,47.6040473486259,1.0071956630366319,172.9251700680271,31.89755701203396,17.47919052710945,59.86935784543128,79.30132093504749,19.431963089616204,1,0,0,0,0
female9,F,O,-38.246580392105635,11.29665184020996,63.3444938659668,2.316666666666667,172.9251700680271,59.84410840016787,22.333017315092444,60.99647454600333,77.67935629161616,15.108370990205607,0,1,0,0,0
female9,F,O,-40.63210505183514,21.484439196986024,63.3444938659668,2.316666666666667,248.41367977108015,31.89755701203396,27.26599221068018,59.86935784543128,79.30132093504749,19.431963089616204,0,0,1,0,0
female9,F,O,-44.108190147593504,20.862875776324934,16.717017164375385,2.316666666666667,172.9251700680271,31.89755701203396,19.337593612716518,59.86935784543128,79.30132093504749,19.431963089616204,0,0,0,1,0
female9,F,O,-39.39812605974586,16.728217548183178,63.3444938659668,2.316666666666667,172.9251700680271,31.89755701203396,19.962717555809387,66.95322656524952,73.32613854958993,4.29556611332424,0,0,0,0,1
female8,F,A,-31.494752148317886,25.372807900435113,51.86283362185392,2.9243742484735518,105.62358276644,17.53207077821173,17.336811618030918,58.841966144747495,79.15150913101262,20.30954298626512,1,0,0,0,0
female8,F,A,-29.14400220725205,17.19075584411621,70.00639343261719,4.3500000000000005,105.62358276644,36.27145421544485,19.649497241127406,60.29956247573074,77.99754931135503,14.287338432092927,0,1,0,0,0
female8,F,A,-32.44176663106286,28.839244105829074,70.00639343261719,4.3500000000000005,177.94839794901668,17.53207077821173,20.389029652418046,58.841966144747495,79.15150913101262,20.30954298626512,0,0,1,0,0
female8,F,A,-40.37497197982477,27.209116228611784,43.47644137160593,4.3500000000000005,105.62358276644,17.53207077821173,20.132170770817865,58.841966144747495,79.15150913101262,20.30954298626512,0,0,0,1,0
female8,F,A,-30.825007471149128,23.102496494283976,70.00639343261719,4.3500000000000005,105.62358276644,17.53207077821173,18.002841104681046,64.9993351124101,71.92174851035637,2.9329951867241633,0,0,0,0,1
female9,F,E,-42.99945148083302,20.99533486934635,42.96424262935063,1.3646196705740652,120.21541950113355,29.631809036543675,14.31283028719752,59.16710908316888,79.57270605304716,20.405596969878275,1,0,0,0,0
female9,F,E,-37.979305756511486,11.905261039733888,66.57154846191406,2.466666666666667,120.21541950113355,50.89297408377536,18.818920046774295,60.842339425976135,76.68688664522212,16.926135500543545,0,1,0,0,0
female9,F,E,-42.86860737405402,22.42035583420978,66.57154846191406,2.466666666666667,174.76060359630532,29.631809036543675,24.452071590912844,59.16710908316888,79.57270605304716,20.405596969878275,0,0,1,0,0
female9,F,E,-49.746828025043996,19.16417251886071,29.167850755680576,2.466666666666667,120.21541950113355,29.631809036543675,17.069435232379803,59.16710908316888,79.57270605304716,20.405596969878275,0,0,0,1,0
female9,F,E,-39.267090716699165,18.019846896680335,66.57154846191406,2.466666666666667,120.21541950113355,29.631809036543675,19.782918536081215,64.30647106067875,75.42515826362903,4.748210965998894,0,0,0,0,1
female1,F,U,-38.634682338241184,29.365297551479394,73.67949213602137,1.774022597394609,68.73771730914567,16.46247065476618,25.529432799017272,59.16719938103073,79.59930449758792,20.4321051165572,1,0,0,0,0
female1,F,U,-30.38017053463237,23.16748809814453,90.1284408569336,2.5499999999999994,68.73771730914567,35.09329972743868,29.80821230891548,60.642474469015525,77.1428718003642,14.38562665524233,0,1,0,0,0
female1,F,U,-30.72826998674665,33.33513665194901,90.1284408569336,2.5499999999999994,130.16870467213602,16.46247065476618,33.426321783010124,59.16719938103073,79.59930449758792,20.4321051165572,0,0,1,0,0
female1,F,U,-41.12393860559928,30.77138842300321,63.60029299293869,2.5499999999999994,68.73771730914567,16.46247065476618,23.34791432640291,59.16719938103073,79.59930449758792,20.4321051165572,0,0,0,1,0
female1,F,U,-32.4093000124643,30.748179259782333,90.1284408569336,2.5499999999999994,68.73771730914567,16.46247065476618,27.687914885169295,65.53077115378369,72.88904705021879,8.332578142990062,0,0,0,0,1
female3,F,I,-25.791251343366973,31.56144299349085,49.9983386756665,1.184037693370858,83.96069538926665,37.562162017849694,17.892743381170135,59.68591038525548,80.15780085336345,20.47189046810798,1,0,0,0,0
female3,F,I,-23.550638478434568,23.10675430297852,68.86569213867188,2.6833333333333336,83.96069538926665,57.67815728360357,15.129948108697118,62.44058909201745,78.64191759793314,13.773115994993727,0,1,0,0,0
female3,F,I,-23.77994779483429,32.88275836097583,68.86569213867188,2.6833333333333336,145.1467185235069,37.562162017849694,24.50785546202515,59.68591038525548,80.15780085336345,20.47189046810798,0,0,1,0,0
female3,F,I,-28.222405714973327,33.59283309274515,17.351060137955308,2.6833333333333336,83.96069538926665,37.562162017849694,16.1342422036526,59.68591038525548,80.15780085336345,20.47189046810798,0,0,0,1,0
female3,F,I,-28.006118461657618,31.226256486409014,68.86569213867188,2.6833333333333336,83.96069538926665,37.562162017849694,19.61540527968103,65.04202954945029,74.76096255491281,4.116156394886545,0,0,0,0,1
female2,F,O,-30.901715114388615,21.142906894372217,47.33563241471792,1.8621718972732064,167.01436130007573,32.57863483455066,22.442416855267084,58.2925691509692,79.35592776084054,21.063358609871344,1,0,0,0,0
female2,F,O,-25.05369495940836,15.722207069396973,63.95191955566406,3.2000000000000006,167.01436130007573,47.716590608800104,19.86283833563975,59.302692318661634,78.03431165800555,15.409351533439121,0,1,0,0,0
female2,F,O,-27.96838969804628,25.982013366909975,63.95191955566406,3.2000000000000006,215.98513367849813,32.57863483455066,28.071489512504463,58.2925691509692,79.35592776084054,21.063358609871344,0,0,1,0,0
female2,F,O,-31.068237203786204,23.34920556019331,17.82472037653322,3.2000000000000006,167.01436130007573,32.57863483455066,21.050334929860817,58.2925691509692,79.35592776084054,21.063358609871344,0,0,0,1,0
female2,F,O,-27.246072606605768,21.783016540123874,63.95191955566406,3.2000000000000006,167.01436130007573,32.57863483455066,18.808260910374173,65.68946279294592,72.72547619163917,5.6535069898585135,0,0,0,0,1
female1,F,O,-33.561313428946555,33.286796166706566,49.23895988712146,1.4144198107180292,78.54119425547974,17.07415129169138,27.335842291680667,58.99992484953154,79.61285587711703,20.61293102758549,1,0,0,0,0
female1,F,O,-31.020742271077484,23.421743392944336,68.16993713378906,2.4000000000000004,78.54119425547974,43.996320844816104,27.60997605717722,60.98496023716927,78.22236990152093,15.305315489080053,0,1,0,0,0
female1,F,O,-30.738939322328214,30.543323225101606,68.16993713378906,2.4000000000000004,144.36008609176645,17.07415129169138,28.89924002984943,58.99992484953154,79.61285587711703,20.61293102758549,0,0,1,0,0
female1,F,O,-41.43659601576337,34.19138627795727,16.149683476073363,2.4000000000000004,78.54119425547974,17.07415129169138,24.31246860697354,58.99992484953154,79.61285587711703,20.61293102758549,0,0,0,1,0
female1,F,O,-35.671485810739235,31.833781214813776,68.16993713378906,2.4000000000000004,78.54119425547974,17.07415129169138,29.85810013874656,63.06175131564701,71.89958162676612,6.043826137681602,0,0,0,0,1
female2,F,E,-29.140404024272257,21.24473874982115,34.59289659049549,1.4201706456183574,141.02796674225223,34.31470460906114,18.161698528822253,58.47713302132678,79.07714924448803,20.600016223161248,1,0,0,0,0
female2,F,E,-25.92428345988267,14.319250106811523,58.10426330566406,3.15,141.02796674225223,57.66672354593639,25.496327911853776,60.61725536150551,77.88279625694649,14.815897036461356,0,1,0,0,0
female2,F,E,-29.466127139424938,22.019670182994144,58.10426330566406,3.15,201.7611528368017,34.31470460906114,30.843782993770944,58.47713302132678,79.07714924448803,20.600016223161248,0,0,1,0,0
female2,F,E,-35.26464210406459,23.80432881178786,13.517320366115243,3.15,141.02796674225223,34.31470460906114,19.10019140004684,58.47713302132678,79.07714924448803,20.600016223161248,0,0,0,1,0
female2,F,E,-30.645464542567517,21.364619702255276,58.10426330566406,3.15,141.02796674225223,34.31470460906114,24.012750722789036,63.651500398384755,71.83970462257398,3.739335855086164,0,0,0,0,1
female5,F,U,-41.748914386296725,34.10097677984365,55.097414220054375,2.0226697026309624,109.48601662887388,25.51326026108148,20.06295750740648,59.01485280809455,78.68605997023755,19.67120716214301,1,0,0,0,0
female5,F,U,-35.346127144876554,25.10950088500977,76.59705352783203,3.1666666666666665,109.48601662887388,53.86334038834498,20.515155464563307,60.20281668777629,76.52949968824521,15.168875351583234,0,1,0,0,0
female5,F,U,-39.19246662633138,34.82272405854765,76.59705352783203,3.1666666666666665,160.94766671400527,25.51326026108148,24.805169547927157,59.01485280809455,78.68605997023755,19.67120716214301,0,0,1,0,0
female5,F,U,-41.451802073059675,31.29624182875584,27.80603390474399,3.1666666666666665,109.48601662887388,25.51326026108148,18.310333215070134,59.01485280809455,78.68605997023755,19.67120716214301,0,0,0,1,0
female5,F,U,-40.35275270258133,30.45089074498484,76.59705352783203,3.1666666666666665,109.48601662887388,25.51326026108148,18.659936559080457,63.523094858702095,72.59708693001834,3.051245843551346,0,0,0,0,1
female7,F,I,-28.850488173668534,27.693317957645426,46.8721064255005,1.0297123335279976,95.8843537414964,22.38488714144757,20.28470826144423,58.63155749166996,79.3906331341156,20.759075642445644,1,0,0,0,0
female7,F,I,-26.80563038760519,20.036544799804688,67.27845764160156,1.6666666666666667,95.8843537414964,52.02266833338559,22.436801389065153,61.221929881207366,77.84896863159146,16.46724975068066,0,1,0,0,0
female7,F,I,-30.66861672804931,27.163298516881973,67.27845764160156,1.6666666666666667,174.3902903286134,22.38488714144757,21.607262764379442,58.63155749166996,79.3906331341156,20.759075642445644,0,0,1,0,0
female7,F,I,-36.360535568144165,28.081309521876037,41.21315643912196,1.6666666666666667,95.8843537414964,22.38488714144757,17.7613212069833,58.63155749166996,79.3906331341156,20.759075642445644,0,0,0,1,0
female7,F,I,-28.888385610217995,28.856005922457463,67.27845764160156,1.6666666666666667,95.8843537414964,22.38488714144757,22.444080587980903,63.63252908432834,73.19372647529113,4.471500106245269,0,0,0,0,1
male5,M,E,-43.22383401989772,21.302218222456908,35.135279720273665,1.1383663124408334,68.32955404383979,23.988757102212432,17.399801560926996,46.053678769472455,67.44841535590874,21.39473658643628,1,0,0,0,0
male5,M,E,-35.18074200998426,13.530447959899902,56.25248718261719,2.4,68.32955404383979,44.32834728198135,22.767523897183054,47.28582405048629,66.35641007186523,18.33716263191726,0,1,0,0,0
male5,M,E,-36.54772640628235,24.04873725680002,56.25248718261719,2.4,127.29650720733281,23.988757102212432,28.017206964042536,46.053678769472455,67.44841535590874,21.39473658643628,0,0,1,0,0
male5,M,E,-44.49986672884517,21.89780681380273,30.190421735766655,2.4,68.32955404383979,23.988757102212432,18.065711019360307,46.053678769472455,67.44841535590874,21.39473658643628,0,0,0,1,0
male5,M,E,-38.9316186761597,21.033887622756847,56.25248718261719,2.4,68.32955404383979,23.988757102212432,16.77972919233678,51.64769770706195,60.98501496369987,5.584174681230419,0,0,0,0,1
male10,M,A,-36.68175338586628,22.432093103951864,30.325821557345712,0.9476339044952904,65.55555555555546,23.949392895466733,25.19198134553983,45.364401391392605,67.57494275456266,22.21054136317005,1,0,0,0,0
male10,M,A,-31.324309354425232,13.149643898010254,51.91275787353516,2.2500000000000004,65.55555555555546,48.58568206856147,27.237019529761177,48.24486187424252,65.4239943988109,16.8674390380762,0,1,0,0,0
male10,M,A,-35.867123619688286,22.440908350467836,51.91275787353516,2.2500000000000004,127.38022712819286,23.949392895466733,35.48432254039336,45.364401391392605,67.57494275456266,22.21054136317005,0,0,1,0,0
male10,M,A,-38.86251804041108,23.955596717129826,3.0,2.2500000000000004,65.55555555555546,23.949392895466733,26.226187164705603,45.364401391392605,67.57494275456266,22.21054136317005,0,0,0,1,0
male10,M,A,-35.574833442887446,18.43439849185117,51.91275787353516,2.2500000000000004,65.55555555555546,23.949392895466733,26.71254108126132,49.641846594893266,63.17183074905295,10.101210409260753,0,0,0,0,1
male5,M,I,-44.15980466230047,17.668116445899518,32.5228233977687,1.162935437836848,74.58049886621315,25.99382547485912,22.39755937962988,44.496172915531126,67.45733209545283,22.9611591799217,1,0,0,0,0
male5,M,I,-41.337418041398685,8.443739891052246,47.75554275512695,2.4,74.58049886621315,42.76629788918396,24.573440159056382,47.251116942585234,64.98719000784506,17.445387792802165,0,1,0,0,0
male5,M,I,-43.96114894658046,16.33093760995086,47.75554275512695,2.4,144.6050889318475,25.99382547485912,24.516625727220394,44.496172915531126,67.45733209545283,22.9611591799217,0,0,1,0,0
male5,M,I,-51.860511244248855,16.50682827560938,14.734909752379544,2.4,74.58049886621315,25.99382547485912,22.35475776595931,44.496172915531126,67.45733209545283,22.9611591799217,0,0,0,1,0
male5,M,I,-44.68133058920163,16.461911387390977,47.75554275512695,2.4,74.58049886621315,25.99382547485912,21.69923819313246,49.8593870765432,59.734302793038566,5.810682668863631,0,0,0,0,1
male11,M,O,-37.22511720392184,24.33222921693055,31.46511925037495,0.9589621019310882,104.67876039304616,34.38786163363547,31.805767426925684,46.602730507886,68.12659795757793,21.52386744969193,1,0,0,0,0
male11,M,O,-34.461191034841555,14.819464683532717,51.51764297485352,1.9333333333333336,104.67876039304616,62.82071006107847,31.744976915310637,49.41349446072453,66.94402460400566,18.480516843770737,0,1,0,0,0
male11,M,O,-37.66243618291931,26.5725004182205,51.51764297485352,1.9333333333333336,167.6162759179776,34.38786163363547,40.521184834679545,46.602730507886,68.12659795757793,21.52386744969193,0,0,1,0,0
male11,M,O,-42.642368775918555,22.28551854202304,20.014383886906465,1.9333333333333336,104.67876039304616,34.38786163363547,31.055675900633723,46.602730507886,68.12659795757793,21.52386744969193,0,0,0,1,0
male11,M,O,-37.97535164558322,20.049699723599293,51.51764297485352,1.9333333333333336,104.67876039304616,34.38786163363547,28.659007885512327,53.61222862563672,60.960281782674535,4.7861585929246075,0,0,0,0,1
male2,M,U,-49.03367956274076,20.84990352157636,27.473650921440438,0.9282562238470011,67.22600151171561,29.71143412582617,22.61080973116473,47.81844598636524,67.41107213317511,19.59262614680987,1,0,0,0,0
male2,M,U,-44.28988478085197,13.642251014709473,51.35069274902344,2.1333333333333333,67.22600151171561,46.85630935661871,28.48497906532248,49.020691338610824,66.24285852094512,14.119753893544825,0,1,0,0,0
male2,M,U,-43.59372128968411,24.751551311161254,51.35069274902344,2.1333333333333333,135.47569059797547,29.71143412582617,25.88203470694211,47.81844598636524,67.41107213317511,19.59262614680987,0,0,1,0,0
male2,M,U,-48.78084138507096,24.57544890721535,18.251214897559223,2.1333333333333333,67.22600151171561,29.71143412582617,23.37825752570152,47.81844598636524,67.41107213317511,19.59262614680987,0,0,0,1,0
male2,M,U,-46.06827531412919,18.97625388150415,51.35069274902344,2.1333333333333333,67.22600151171561,29.71143412582617,27.428051940112766,55.069644255395254,59.62207782363968,2.0,0,0,0,0,1
male8,M,U,-41.91859553490515,19.459897492270333,36.80579931670992,1.126734036198798,105.64625850340144,23.05072016514965,20.435080118944526,47.75946120491465,56.44974962543652,8.690288420521867,1,0,0,0,0
male8,M,U,-33.8311458637444,11.667876243591309,56.04801940917969,2.6,105.64625850340144,45.44009672951253,17.170074936653307,48.87206775627833,55.212113792900375,8.0,0,1,0,0,0
male8,M,U,-39.2894298657858,22.398100639918425,56.04801940917969,2.6,168.98100910728783,23.05072016514965,25.582702444442013,47.75946120491465,56.44974962543652,8.690288420521867,0,0,1,0,0
male8,M,U,-42.10266118007902,19.09643667500061,5.647049922548575,2.6,105.64625850340144,23.05072016514965,16.43217445439809,47.75946120491465,56.44974962543652,8.690288420521867,0,0,0,1,0
male8,M,U,-39.93428269190345,18.778680679936507,56.04801940917969,2.6,105.64625850340144,23.05072016514965,16.392718806935406,55.612351362677096,52.40113172667725,2.0,0,0,0,0,1
male7,M,E,-33.69508874739565,18.296133549995353,45.56538476829148,1.4758627861152684,125.7482993197278,18.656717593562668,25.966573031610498,45.87122085063963,66.98137386737852,21.11015301673889,1,0,0,0,0
male7,M,E,-26.44780920603351,12.92715072631836,66.10392761230469,2.6500000000000004,125.7482993197278,43.097697165591605,27.051696105169125,48.12633701080776,64.81274524353232,16.2919887576678,0,1,0,0,0
male7,M,E,-29.19565409401513,21.33196667427951,66.10392761230469,2.6500000000000004,203.76475868279016,18.656717593562668,24.635919085691384,45.87122085063963,66.98137386737852,21.11015301673889,0,0,1,0,0
male7,M,E,-32.93393244406054,22.027813715326044,36.395586207965046,2.6500000000000004,125.7482993197278,18.656717593562668,21.310182240619373,45.87122085063963,66.98137386737852,21.11015301673889,0,0,0,1,0
male7,M,E,-30.61630921289138,21.871993704236772,66.10392761230469,2.6500000000000004,125.7482993197278,18.656717593562668,21.7255977410317,51.72601447039956,61.56796495527431,5.608216345633659,0,0,0,0,1
male4,M,E,-41.874165842132356,27.542183797052633,36.0932805082793,1.5135483794154097,107.2675736961448,18.95655996398115,19.59215507487594,46.52693153096912,67.54012899918891,21.013197468219783,1,0,0,0,0
male4,M,E,-35.82727943180151,19.86170196533203,54.18855667114258,2.5000000000000004,107.2675736961448,36.39581405415452,23.272080228384198,49.42653135755297,65.08868998241219,14.723048496527106,0,1,0,0,0
male4,M,E,-35.213127194525086,31.525344382102098,54.18855667114258,2.5000000000000004,181.91012927616111,18.95655996398115,23.07802029983349,46.52693153096912,67.54012899918891,21.013197468219783,0,0,1,0,0
male4,M,E,-40.17160266547491,27.74401879972228,5.819190093778431,2.5000000000000004,107.2675736961448,18.95655996398115,20.81924671281697,46.52693153096912,67.54012899918891,21.013197468219783,0,0,0,1,0
male4,M,E,-40.197628459672686,28.215016784176584,54.18855667114258,2.5000000000000004,107.2675736961448,18.95655996398115,22.684990721629525,51.12859909538324,61.16360613778037,6.727852328433654,0,0,0,0,1
male7,M,O,-31.51686743838901,20.252912399688814,47.06201845305622,1.6705223392871735,117.55102040816315,27.41788885321701,20.650051067576385,46.88309632812512,67.30754133245951,20.424445004334387,1,0,0,0,0
male7,M,O,-28.070312509471503,13.178814888000488,64.79608917236328,2.533333333333333,117.55102040816315,54.61140399016817,30.25344630402281,48.99395973933038,64.76956650209848,13.437897656038766,0,1,0,0,0
male7,M,O,-26.881812395581694,21.415555396716478,64.79608917236328,2.533333333333333,175.57278582056688,27.41788885321701,33.75189649779401,46.88309632812512,67.30754133245951,20.424445004334387,0,0,1,0,0
male7,M,O,-37.914372510635275,22.20968806025489,36.793590979742085,2.533333333333333,117.55102040816315,27.41788885321701,25.285626697455037,46.88309632812512,67.30754133245951,20.424445004334387,0,0,0,1,0
male7,M,O,-29.837553824343185,21.268088454943047,64.79608917236328,2.533333333333333,117.55102040816315,27.41788885321701,26.956434960169496,53.3556092899567,61.874890460328146,7.743099451136613,0,0,0,0,1
male11,M,I,-38.201033347505636,24.69626078070647,34.97112784028249,1.2707424881952152,175.3590325018897,26.948824223977315,27.119896776124122,46.485024113141655,67.4308381351157,20.94581402197405,1,0,0,0,0
male11,M,I,-33.672128144019354,15.43535327911377,55.490196228027344,1.916666666666667,175.3590325018897,48.00106721716327,27.131437574530906,48.995298624488896,65.19021903240878,17.830683316720695,0,1,0,0,0
male11,M,I,-34.31282663375467,23.117210657047618,55.490196228027344,1.916666666666667,215.94081912860497,26.948824223977315,30.322972590465525,46.485024113141655,67.4308381351157,20.94581402197405,0,0,1,0,0
male11,M,I,-41.689312647704114,23.39657350461243,20.178573957196825,1.916666666666667,175.3590325018897,26.948824223977315,29.61828314233891,46.485024113141655,67.4308381351157,20.94581402197405,0,0,0,1,0
male11,M,I,-36.67032234086105,23.88480811410075,55.490196228027344,1.916666666666667,175.3590325018897,26.948824223977315,27.96913045162531,51.878045981234855,61.37488017847646,4.243895945527193,0,0,0,0,1
male9,M,I,-44.98288704138474,14.35435639542888,24.77870230063115,1.0902307393181196,122.58503401360544,23.12217425885936,20.113731479573357,58.62011936400135,66.79750667069034,8.177387306688992,1,0,0,0,0
male9,M,I,-36.05667953211583,8.618988990783691,49.044578552246094,2.283333333333333,122.58503401360544,45.00921060243328,26.529145455014927,60.27762258457636,64.53070496205689,8.0,0,1,0,0,0
male9,M,I,-37.09575614334272,16.263387600336937,49.044578552246094,2.283333333333333,167.70686757191635,23.12217425885936,22.42755070910323,58.62011936400135,66.79750667069034,8.177387306688992,0,0,1,0,0
male9,M,I,-42.30803288432712,17.823362714799764,22.678775598276026,2.283333333333333,122.58503401360544,23.12217425885936,19.742921127959768,58.62011936400135,66.79750667069034,8.177387306688992,0,0,0,1,0
male9,M,I,-38.297687769824606,13.782463455849607,49.044578552246094,2.283333333333333,122.58503401360544,23.12217425885936,19.875156526428,66.20727300362539,60.90166010963885,2.0,0,0,0,0,1
male1,M,O,-45.62484433066531,19.909931866363404,42.76759199561144,1.2504135158131835,102.76643990929703,36.85943787847957,18.425024265338934,46.04846851209324,67.78551270737672,21.737044195283488,1,0,0,0,0
male1,M,O,-41.56023530868346,13.516980171203612,59.537696838378906,2.866666666666667,102.76643990929703,58.771119398970455,22.24844255788009,48.05530305380295,65.404723050118,17.279964751091185,0,1,0,0,0
male1,M,O,-46.81019200969405,23.65648211865815,59.537696838378906,2.866666666666667,146.0368011872519,36.85943787847957,30.79821051812997,46.04846851209324,67.78551270737672,21.737044195283488,0,0,1,0,0
male1,M,O,-53.888405692882856,19.82236997047793,29.846979153226776,2.866666666666667,102.76643990929703,36.85943787847957,23.64131420779791,46.04846851209324,67.78551270737672,21.737044195283488,0,0,0,1,0
male1,M,O,-45.86491381511527,20.989999257324797,59.537696838378906,2.866666666666667,102.76643990929703,36.85943787847957,22.397411248579218,53.04150727362787,63.04742862995121,8.480948255263225,0,0,0,0,1
male5,M,O,-40.27149764983997,18.620903980751187,32.67802346778352,1.2289719651999493,142.199546485261,19.24751654780833,14.303155335767823,46.474830978776005,67.91095267642163,21.436121697645625,1,0,0,0,0
male5,M,O,-36.031339273321926,11.30823040008545,55.15273284912109,2.583333333333333,142.199546485261,44.94776033607662,23.31282077934403,48.53905794930664,66.69660865374208,16.389411929182963,0,1,0,0,0
male5,M,O,-37.57552298837467,19.520582918259098,55.15273284912109,2.583333333333333,192.96927572323625,19.24751654780833,24.372545580083866,46.474830978776005,67.91095267642163,21.436121697645625,0,0,1,0,0
male5,M,O,-40.82960055729565,18.91862622800134,27.752052604242024,2.583333333333333,142.199546485261,19.24751654780833,17.011357028601125,46.474830978776005,67.91095267642163,21.436121697645625,0,0,0,1,0
male5,M,O,-40.63495836588825,18.301999195801677,55.15273284912109,2.583333333333333,142.199546485261,19.24751654780833,20.800089149545066,50.95387950605301,60.348843553462046,5.874566976321333,0,0,0,0,1
male5,M,U,-41.816720672617826,18.08844675633395,30.04742515401973,1.6767432355848622,123.06122448979596,26.96383681230197,23.28787087523461,44.697652286320334,68.16570050717911,23.468048220858776,1,0,0,0,0
male5,M,U,-39.2765688336994,10.402914047241213,50.91583633422852,3.1666666666666665,123.06122448979596,43.877541354235426,23.056225896535373,46.98948676898354,66.02414389784128,19.015719035264237,0,1,0,0,0
male5,M,U,-39.71719101910788,20.431788144025646,50.91583633422852,3.1666666666666665,172.55029615923576,26.96383681230197,32.934947043874104,44.697652286320334,68.16570050717911,23.468048220858776,0,0,1,0,0
male5,M,U,-45.278292630296185,17.632702689163754,25.291988270144074,3.1666666666666665,123.06122448979596,26.96383681230197,20.189196700252136,44.697652286320334,68.16570050717911,23.468048220858776,0,0,0,1,0
male5,M,U,-42.83083560385713,17.04450135519986,50.91583633422852,3.1666666666666665,123.06122448979596,26.96383681230197,20.631430775575797,49.83803296109572,63.47220612600009,6.087455673100223,0,0,0,0,1
male10,M,O,-40.45592163488857,19.55099727573284,32.652887033224225,1.2093622525750225,196.46258503401373,27.80216646701768,28.88579096783529,46.228687305855786,68.16191511792083,21.93322781206504,1,0,0,0,0
male10,M,O,-32.24955999557011,13.990802764892578,51.63144302368164,1.8333333333333333,196.46258503401373,55.05824753125688,26.90481772422229,48.565973745704646,65.30316313966566,18.249677462504778,0,1,0,0,0
male10,M,O,-32.51449005931594,22.390698233194,51.63144302368164,1.8333333333333333,267.2423023616912,27.80216646701768,32.815624829606705,46.228687305855786,68.16191511792083,21.93322781206504,0,0,1,0,0
male10,M,O,-38.84502597135803,22.117984957974663,13.86507976972571,1.8333333333333333,196.46258503401373,27.80216646701768,24.55395632939819,46.228687305855786,68.16191511792083,21.93322781206504,0,0,0,1,0
male10,M,O,-33.35108489289933,20.91536317231185,51.63144302368164,1.8333333333333333,196.46258503401373,27.80216646701768,28.168165484865995,50.6880346048126,61.719434948154294,8.201444492623507,0,0,0,0,1
male2,M,I,-40.21241328982399,22.400972923980298,40.78134949101001,0.9707122711452404,88.86621315192723,33.40341228430462,25.70101064913607,47.46098051945884,67.26371842400407,19.802737904545232,1,0,0,0,0
male2,M,I,-35.76497084163195,17.141855239868164,59.14739227294922,2.316666666666667,88.86621315192723,63.2528157701538,30.01658482538631,48.970261828986374,64.9007129795562,13.563240121126693,0,1,0,0,0
male2,M,I,-36.228628594677865,26.499736182618957,59.14739227294922,2.316666666666667,145.33984971781797,33.40341228430462,35.71649531664169,47.46098051945884,67.26371842400407,19.802737904545232,0,0,1,0,0
male2,M,I,-45.99099127169767,27.29495227880681,5.371450399621281,2.316666666666667,88.86621315192723,33.40341228430462,26.50589125147652,47.46098051945884,67.26371842400407,19.802737904545232,0,0,0,1,0
male2,M,I,-39.189890508413185,24.43974769258781,59.14739227294922,2.316666666666667,88.86621315192723,33.40341228430462,27.225581782130693,54.384450420273424,59.510356596719916,6.7153395075512705,0,0,0,0,1
